"Date","Particulars","Voucher Type","Narration","Gross Total","Purchase"
"17-09-2024","3092-NK Solutions-Nava India","Purchase","crane","-5970.0","-5970.0"
"17-09-2024","3092-NK Solutions-Nava India","Purchase","bhaarth/satveer","-2200.0","-2200.0"
"17-09-2024","3092-NK Solutions-Nava India","Purchase","labour","-2355.0","-2355.0"
"18-09-2024","3092-NK Solutions-Nava India","Purchase","auto rent/tg","-313.0","-313.0"
"18-09-2024","3092-NK Solutions-Nava India","Purchase","bharath/satveer","-2325.0","-2325.0"
"18-09-2024","3092-NK Solutions-Nava India","Purchase","labour","-2655.0","-2655.0"
"21-09-2024","3092-NK Solutions-Nava India","Purchase","auto rent/tg","-180.0","-180.0"
"23-09-2024","3092-NK Solutions-Nava India","Purchase","viji masion","-2000.0","-2000.0"
"25-09-2024","3092-NK Solutions-Nava India","Purchase","surveyer amount","-3500.0","-3500.0"
"28-09-2024","3092-NK Solutions-Nava India","Purchase","viji masion","-2000.0","-2000.0"
"02-11-2024","3092-NK Solutions-Nava India","Purchase","ashok site exp/","-1128.0","-1128.0"
"13-11-2024","3092-NK Solutions-Nava India","Purchase","r.k.traders","-3700.0","-3700.0"
"13-11-2024","3092-NK Solutions-Nava India","Purchase","pooja kannan","-3700.0","-3700.0"
"14-11-2024","3092-NK Solutions-Nava India","Purchase","R.K.TRADERS","-8000.0","-8000.0"
"16-11-2024","3092-NK Solutions-Nava India","Purchase","viji masion","-3200.0","-3200.0"
"16-11-2024","3092-NK Solutions-Nava India","Purchase","bannari amman","-25020.0","-25020.0"
"16-11-2024","3092-NK Solutions-Nava India","Purchase","bannari amman","-4950.0","-4950.0"
"16-11-2024","3092-NK Solutions-Nava India","Purchase","BANNARI AMMAN","-3550.0","-3550.0"
"18-11-2024","3092-NK Solutions-Nava India","Purchase","labour","-500.0","-500.0"
"18-11-2024","3092-NK Solutions-Nava India","Purchase","lal babu","-500.0","-500.0"
"19-11-2024","3092-NK Solutions-Nava India","Purchase","lorry keel","-180.0","-180.0"
"19-11-2024","3092-NK Solutions-Nava India","Purchase","labour","-985.0","-985.0"
"19-11-2024","3092-NK Solutions-Nava India","Purchase","lal babu","-1125.0","-1125.0"
"23-11-2024","3092-NK Solutions-Nava India","Purchase","viji masion","-4400.0","-4400.0"
"02-12-2024","3092-NK Solutions-Nava India","Purchase","pioneer steels/12mm tmt=218 nos/8mm tmt=300 nos","-265190.0","-265190.0"
"03-12-2024","3092-NK Solutions-Nava India","Purchase","Ashok site exp","-702.0","-702.0"
"05-12-2024","3092-NK Solutions-Nava India","Purchase","bg flyash bricks","-25200.0","-25200.0"
"05-12-2024","3092-NK Solutions-Nava India","Purchase","bannari amman","-5775.0","-5775.0"
"06-12-2024","3092-NK Solutions-Nava India","Purchase","PR READYMIX","-24300.0","-24300.0"
"06-12-2024","3092-NK Solutions-Nava India","Purchase","pr readymix","-21600.0","-21600.0"
"06-12-2024","3092-NK Solutions-Nava India","Purchase","bannari amman","-19425.0","-19425.0"
"07-12-2024","3092-NK Solutions-Nava India","Purchase","marking work-","-7000.0","-7000.0"
"07-12-2024","3092-NK Solutions-Nava India","Purchase","viji masion","-4000.0","-4000.0"
"07-12-2024","3092-NK Solutions-Nava India","Purchase","pile foundation/86 nosx8'0""=688x110","-75680.0","-75680.0"
"07-12-2024","3092-NK Solutions-Nava India","Purchase","bannari amman","-9900.0","-9900.0"
"10-12-2024","3092-NK Solutions-Nava India","Purchase","p.m.steels","-2325.0","-2325.0"
"11-12-2024","3092-NK Solutions-Nava India","Purchase","viji breaker","-1850.0","-1850.0"
"13-12-2024","3092-NK Solutions-Nava India","Purchase","BOLDER STONE","-4500.0","-4500.0"
"14-12-2024","3092-NK Solutions-Nava India","Purchase","viji masion","-16500.0","-16500.0"
"17-12-2024","3092-NK Solutions-Nava India","Purchase","pandian & co","-13140.0","-13140.0"
"17-12-2024","3092-NK Solutions-Nava India","Purchase","manickam traders/round cable/level tube/wire cutter/marker/nylon toine","-1670.0","-1670.0"
"17-12-2024","3092-NK Solutions-Nava India","Purchase","labour","-4060.63","-4060.63"
"17-12-2024","3092-NK Solutions-Nava India","Purchase","bharath/lal babu/hindi","-3000.0","-3000.0"
"19-12-2024","3092-NK Solutions-Nava India","Purchase","labour","-1255.0","-1255.0"
"19-12-2024","3092-NK Solutions-Nava India","Purchase","lal babu","-1000.0","-1000.0"
"21-12-2024","3092-NK Solutions-Nava India","Purchase","viji masion","-2000.0","-2000.0"
"21-12-2024","3092-NK Solutions-Nava India","Purchase","pr readymix","-27000.0","-27000.0"
"21-12-2024","3092-NK Solutions-Nava India","Purchase","Pr ready mix","-27000.0","-27000.0"
"23-12-2024","3092-NK Solutions-Nava India","Purchase","calverite enterprises","-23010.0","-23010.0"
"23-12-2024","3092-NK Solutions-Nava India","Purchase","CALVERITE ENTERPRISES","-23010.0","-23010.0"
"23-12-2024","3092-NK Solutions-Nava India","Purchase","labour","-935.0","-935.0"
"23-12-2024","3092-NK Solutions-Nava India","Purchase","krishnan","-1375.0","-1375.0"
"24-12-2024","3092-NK Solutions-Nava India","Purchase","POOJA KANNAN TRADERS","-13980.0","-13980.0"
"24-12-2024","3092-NK Solutions-Nava India","Purchase","PR READYMIX","-27000.0","-27000.0"
"24-12-2024","3092-NK Solutions-Nava India","Purchase","labour","-1373.44","-1373.44"
"24-12-2024","3092-NK Solutions-Nava India","Purchase","bharath/krishnan","-3125.0","-3125.0"
"25-12-2024","3092-NK Solutions-Nava India","Purchase","ashok site exp","-60.0","-60.0"
"25-12-2024","3092-NK Solutions-Nava India","Purchase","pr ready mix concrete","-27000.0","-27000.0"
"25-12-2024","3092-NK Solutions-Nava India","Purchase","binding wire/cover block/tea/ashok site exp","-1702.0","-1702.0"
"25-12-2024","3092-NK Solutions-Nava India","Purchase","labour","-1434.38","-1434.38"
"25-12-2024","3092-NK Solutions-Nava India","Purchase","krishnan","-1375.0","-1375.0"
"26-12-2024","3092-NK Solutions-Nava India","Purchase","labour","-1196.88","-1196.88"
"26-12-2024","3092-NK Solutions-Nava India","Purchase","krishnan/jithuthu","-2000.0","-2000.0"
"27-12-2024","3092-NK Solutions-Nava India","Purchase","calverite enterprises","-23010.0","-23010.0"
"27-12-2024","3092-NK Solutions-Nava India","Purchase","calverite enterprises","-23010.0","-23010.0"
"27-12-2024","3092-NK Solutions-Nava India","Purchase","calverite enterprises","-23010.0","-23010.0"
"27-12-2024","3092-NK Solutions-Nava India","Purchase","labour","-2632.51","-2632.51"
"27-12-2024","3092-NK Solutions-Nava India","Purchase","m sand","-6510.0","-6510.0"
"27-12-2024","3092-NK Solutions-Nava India","Purchase","bannari amman","-9300.0","-9300.0"
"27-12-2024","3092-NK Solutions-Nava India","Purchase","krishnan/jithuthu","-2125.0","-2125.0"
"27-12-2024","3092-NK Solutions-Nava India","Purchase","crane/tg","-4100.0","-4100.0"
"28-12-2024","3092-NK Solutions-Nava India","Purchase","viji masion","-2845.0","-2845.0"
"28-12-2024","3092-NK Solutions-Nava India","Purchase","sakthivel barbender","-7800.0","-7800.0"
"28-12-2024","3092-NK Solutions-Nava India","Purchase","pile thirunavukarasu","-176845.0","-176845.0"
"28-12-2024","3092-NK Solutions-Nava India","Purchase","krishnan/jithuthu","-2000.0","-2000.0"
"28-12-2024","3092-NK Solutions-Nava India","Purchase","auto rent/tape/tg","-390.0","-390.0"
"28-12-2024","3092-NK Solutions-Nava India","Purchase","labour","-1620.0","-1620.0"
"30-12-2024","3092-NK Solutions-Nava India","Purchase","labour","-2805.0","-2805.0"
"31-12-2024","3092-NK Solutions-Nava India","Purchase","labour","-2550.0","-2550.0"
"02-01-2025","3092-NK Solutions-Nava India","Purchase","bannari amman sand","-20850.0","-20850.0"
"02-01-2025","3092-NK Solutions-Nava India","Purchase","calverite enterprises","-12744.0","-12744.0"
"02-01-2025","3092-NK Solutions-Nava India","Purchase","CALVERITE ENTERPRISES","-16567.2","-16567.2"
"02-01-2025","3092-NK Solutions-Nava India","Purchase","pooja kannan traders","-26511.0","-26511.0"
"02-01-2025","3092-NK Solutions-Nava India","Purchase","auto rent/tg","-340.0","-340.0"
"02-01-2025","3092-NK Solutions-Nava India","Purchase","labour","-3425.27","-3425.27"
"03-01-2025","3092-NK Solutions-Nava India","Purchase","bannari amman","-4950.0","-4950.0"
"04-01-2025","3092-NK Solutions-Nava India","Purchase","gravel/bannari amman","-24000.0","-24000.0"
"04-01-2025","3092-NK Solutions-Nava India","Purchase","viji masion","-5650.0","-5650.0"
"04-01-2025","3092-NK Solutions-Nava India","Purchase","labour","-2495.0","-2495.0"
"06-01-2025","3092-NK Solutions-Nava India","Purchase","labour","-1955.94","-1955.94"
"07-01-2025","3092-NK Solutions-Nava India","Purchase","crane/1281","-3300.0","-3300.0"
"07-01-2025","3092-NK Solutions-Nava India","Purchase","pooja kannan traders","-25848.0","-25848.0"
"07-01-2025","3092-NK Solutions-Nava India","Purchase","bannari amman","-15000.0","-15000.0"
"07-01-2025","3092-NK Solutions-Nava India","Purchase","crane amt/auto rent","-3440.0","-3440.0"
"07-01-2025","3092-NK Solutions-Nava India","Purchase","labour","-2751.25","-2751.25"
"08-01-2025","3092-NK Solutions-Nava India","Purchase","bannari amman","-17010.0","-17010.0"
"08-01-2025","3092-NK Solutions-Nava India","Purchase","labour","-3426.56","-3426.56"
"09-01-2025","3092-NK Solutions-Nava India","Purchase","premier trading","-1600.0","-1600.0"
"09-01-2025","3092-NK Solutions-Nava India","Purchase","labour","-2579.69","-2579.69"
"10-01-2025","3092-NK Solutions-Nava India","Purchase","meenakshi metal","-1020.7","-1020.7"
"10-01-2025","3092-NK Solutions-Nava India","Purchase","labour","-2363.75","-2363.75"
"11-01-2025","3092-NK Solutions-Nava India","Purchase","viji masion","-800.0","-800.0"
"11-01-2025","3092-NK Solutions-Nava India","Purchase","viji masion","-18000.0","-18000.0"
"11-01-2025","3092-NK Solutions-Nava India","Purchase","labour","-2452.92","-2452.92"
"12-01-2025","3092-NK Solutions-Nava India","Purchase","calverite enterprises","-23226.0","-23226.0"
"13-01-2025","3092-NK Solutions-Nava India","Purchase","labour","-1994.96","-1994.96"
"13-01-2025","3092-NK Solutions-Nava India","Purchase","earth movers/anu","-6530.0","-6530.0"
"13-01-2025","3092-NK Solutions-Nava India","Purchase","bannari amman","-31035.0","-31035.0"
"23-01-2025","3092-NK Solutions-Nava India","Purchase","bannari amman","-15000.0","-15000.0"
